-- ==================================================
--  用户角色基础数据
-- ==================================================

INSERT INTO sys_user (id, created_time, last_modified_time, active, deleted, email, gender, mobile, nickname, password, picture_url, realname, username, created_by_id, last_modified_by_id)
VALUES (1, '2021-01-08 10:00:00.0', '2021-01-19 23:52:01.086', 1, 0, 'superadmin@163.com', 1, NULL, '系统管理员', '$2a$10$Hw5P4u0Aen7aiIPc6nSWsuFnmvZ7icYMtwacvBdq4yCzQwIN87lZ.', NULL, '系统管理员', 'superadmin', 1, 1)
     , (2, '2021-01-08 10:00:00.0', '2021-01-19 23:52:44.254', 1, 0, 'admin@qq.com', 1, NULL, '风流盲侠', '$2a$10$IaynXehgA6NHOurIcsiof.I69a.0I/OaSxxF.k6xBJRDM4UQbUATG', NULL, '花满楼', 'admin', 1, 1)
     , (3, '2021-01-08 10:00:00.0', '2021-01-19 22:01:01.761', 1, 0, 'user@qq.com', 1, NULL, '冷如冰寒如雪', '$2a$10$gScvF8GErqQTqvQqa8ZjIOh8Tsp0lnhVPPdMyOMKPb7NCdgXU3FgC', NULL, '西门吹雪', 'user', 1, 1)
     , (4, '2021-01-19 18:07:00.14', '2021-01-19 20:38:44.745', 1, 0, 'yegucheng@163.com', 1, NULL, '白云城主', '$2a$10$2gnuRabSeHaOJYbQKDDoyu2e8V7D.GUndwYKuAztSwKPUPoikRsXy', NULL, '叶孤城', 'yegc', 1, 1)
     , (5, '2021-01-19 21:06:39.878', '2021-01-19 21:46:58.295', 1, 0, 'huamanlou@qq.com', 3, NULL, '小李探花', '$2a$10$6Tc9m1N5NUVqj4irBW4fquRAxV4ymGWUi0X1kHYVtexrkVcJZ21Jm', NULL, '李寻欢', 'lixh', 1, 1)
     , (6, '2021-01-19 21:41:38.833', '2021-01-19 21:44:27.805', 1, 0, 'luxiaofeng@qq.com', 3, NULL, '四条眉毛', '$2a$10$FBH2zPKGiGyjsCwKdoyN.eHNk.rUpp2KcRcVQQXM7aWPFRbdy/ZIS', NULL, '陆小凤', 'luxf', 1, 1)
     , (7, '2021-01-19 21:57:39.748', '2021-01-19 22:00:21.081', 1, 0, 'linglingfa@qq.com', 3, NULL, '大内密探', '$2a$10$G8FpI6cMJyh0aVp4A4eyheOa1QfnmnlsijKRfkOr.eb2lbnvXzjeO', NULL, '零零发', 'linglf', 1, 1)
;

INSERT INTO sys_role (id, created_time, last_modified_time, description, name, value, created_by_id, last_modified_by_id)
VALUES (1, '2021-01-08 10:00:00.0', '2021-01-19 20:11:29.103', '管理员', '管理员', 'Admin', 1, 1)
     , (2, '2021-01-08 10:00:00.0', '2021-01-19 20:47:02.177', '操作员，负责图书信息录入', '操作员', 'Operator', 1, 1)
     , (3, '2021-01-19 19:32:04.057', '2021-01-19 20:05:34.57', '只读访问，不能新增、修改或删除', '游客', 'Visitor', 1, 1)
;

INSERT INTO sys_user_role (user_id, role_id)
VALUES (2, 1)
     , (3, 2)
     , (4, 3)
     , (5, 3)
     , (6, 3)
     , (7, 3)
;



-- ==================================================
--  权限管理数据
-- ==================================================

INSERT INTO sys_api_perm (id, name, value, parent_id)
VALUES (1, '系统管理', 'api:sys', NULL)
     , (2, '用户管理', 'api:sys:user', 1)
     , (3, '查看用户列表', 'api:sys:user:view-list', 2)
     , (4, '查看用户详情', 'api:sys:user:view-detail', 2)
     , (5, '添加用户', 'api:sys:user:add', 2)
     , (6, '更新用户', 'api:sys:user:update', 2)
     , (7, '删除用户', 'api:sys:user:delete', 2)
     , (8, '批量删除用户', 'api:sys:user:batch-delete', 2)
     , (9, '启用停用用户', 'api:sys:user:active-on-off', 2)
     , (10, '保存用户角色', 'api:sys:user:save-assigned-roles', 2)
     , (11, '角色管理', 'api:sys:role', 1)
     , (12, '查看角色列表', 'api:sys:role:view-list', 11)
     , (13, '查看角色详情', 'api:sys:role:view-detail', 11)
     , (14, '添加角色', 'api:sys:role:add', 11)
     , (15, '更新角色', 'api:sys:role:update', 11)
     , (16, '删除角色', 'api:sys:role:delete', 11)
     , (17, '批量删除角色', 'api:sys:role:batch-delete', 11)
     , (18, '获取角色分配的权限', 'api:sys:role:fetch-perms', 11)
     , (19, '保存角色分配的权限', 'api:sys:role:save-perms', 11)
     , (20, '权限管理', 'api:sys:perm', 1)
     , (21, '同步接口权限数据', 'api:sys:perm:sync-api', 20)
     , (22, '同步菜单权限数据', 'api:sys:perm:sync-menu', 20)
     , (23, '添加按钮权限', 'api:sys:perm:button:add', 20)
     , (24, '更新按钮权限', 'api:sys:perm:button:update', 20)
     , (25, '删除按钮权限', 'api:sys:perm:button:delete', 20)
     , (26, '菜单关联接口权限', 'api:sys:perm:menu:link-api', 20)
     , (27, '馆藏管理', 'api:lib', NULL)
     , (28, '作者管理', 'api:lib:author', 27)
     , (29, '查看作者列表', 'api:lib:author:view-list', 28)
     , (30, '查看作者详情', 'api:lib:author:view-detail', 28)
     , (31, '添加作者', 'api:lib:author:add', 28)
     , (32, '更新作者', 'api:lib:author:update', 28)
     , (33, '删除作者', 'api:lib:author:delete', 28)
     , (34, '批量删除作者', 'api:lib:author:batch-delete', 28)
     , (35, '出版社管理', 'api:lib:publisher', 27)
     , (36, '查看出版社列表', 'api:lib:publisher:view-list', 35)
     , (37, '查看出版社详情', 'api:lib:publisher:view-detail', 35)
     , (38, '添加出版社', 'api:lib:publisher:add', 35)
     , (39, '更新出版社', 'api:lib:publisher:update', 35)
     , (40, '删除出版社', 'api:lib:publisher:delete', 35)
     , (41, '批量删除出版社', 'api:lib:publisher:batch-delete', 35)
     , (42, '图书管理', 'api:lib:book', 27)
     , (43, '查看图书列表', 'api:lib:book:view-list', 42)
     , (44, '查看图书详情', 'api:lib:book:view-detail', 42)
     , (45, '添加图书', 'api:lib:book:add', 42)
     , (46, '更新图书', 'api:lib:book:update', 42)
     , (47, '删除图书', 'api:lib:book:delete', 42)
     , (48, '批量删除图书', 'api:lib:book:batch-delete', 42)
;

INSERT INTO sys_menu (id, name, value, parent_id)
VALUES (1, '系统管理', 'menu:sys', NULL)
     , (2, '用户管理', 'menu:sys:user', 1)
     , (3, '角色管理', 'menu:sys:role', 1)
     , (4, '权限管理', 'menu:sys:perm', 1)
     , (5, '馆藏管理', 'menu:lib', NULL)
     , (6, '作者管理', 'menu:lib:author', 5)
     , (7, '出版社管理', 'menu:lib:publisher', 5)
     , (8, '图书管理', 'menu:lib:book', 5)
     , (9, '图标预览', 'menu:icons', NULL)
     , (10, '外部文档', 'menu:docs', NULL)
     , (11, 'Vue', 'menu:docs:vue', 10)
     , (12, 'ElementUI', 'menu:docs:element', 10)
     , (13, 'Lodash', 'menu:docs:lodash', 10)
     , (14, 'Luxon', 'menu:docs:luxon', 10)
     , (15, 'YDNLU', 'menu:docs:ydnlu', 10)
;

INSERT INTO sys_button (id, name, show_order, value, parent_menu_id)
VALUES (1, '添加用户', 1, 'button:sys:user:add', 2)
     , (2, '更新用户', 2, 'button:sys:user:update', 2)
     , (3, '删除用户', 3, 'button:sys:user:delete', 2)
     , (4, '批量删除用户', 4, 'button:sys:user:batch-delete', 2)
     , (5, '启用停用用户', 5, 'button:sys:user:active-on-off', 2)
     , (6, '用户分配角色', 6, 'button:sys:user:assign-role', 2)
     , (7, '添加角色', 1, 'button:sys:role:add', 3)
     , (8, '更新角色', 2, 'button:sys:role:update', 3)
     , (9, '删除角色', 3, 'button:sys:role:delete', 3)
     , (10, '批量删除角色', 4, 'button:sys:role:batch-delete', 3)
     , (11, '角色分配权限', 5, 'button:sys:role:assign-role', 3)
     , (12, '同步接口权限数据', 1, 'button:sys:perm:sync-api', 4)
     , (13, '同步菜单权限数据', 2, 'button:sys:perm:sync-menu', 4)
     , (14, '添加按钮权限', 3, 'button:sys:perm:add-button', 4)
     , (15, '更新按钮权限', 4, 'button:sys:perm:update-button', 4)
     , (16, '删除按钮权限', 5, 'button:sys:perm:delete-button', 4)
     , (17, '菜单关联接口权限', 6, 'button:sys:perm:menu-link-api', 4)
     , (18, '添加作者', 1, 'button:lib:author:add', 6)
     , (19, '更新作者', 2, 'button:lib:author:update', 6)
     , (20, '删除作者', 3, 'button:lib:author:delete', 6)
     , (21, '批量删除作者', 4, 'button:lib:author:batch-delete', 6)
     , (22, '添加出版社', 1, 'button:lib:publisher:add', 7)
     , (23, '更新出版社', 2, 'button:lib:publisher:update', 7)
     , (24, '删除出版社', 3, 'button:lib:publisher:delete', 7)
     , (25, '批量删除出版社', 4, 'button:lib:publisher:batch-delete', 7)
     , (26, '添加图书', 1, 'button:lib:book:add', 8)
     , (27, '更新图书', 2, 'button:lib:book:update', 8)
     , (28, '删除图书', 3, 'button:lib:book:delete', 8)
     , (29, '批量删除图书', 4, 'button:lib:book:batch-delete', 8)
;

INSERT INTO sys_menu_api_perm (menu_id, api_perm_id)
VALUES (2, 3)
     , (2, 4)
     , (3, 12)
     , (3, 13)
     , (6, 29)
     , (6, 30)
     , (7, 36)
     , (7, 37)
     , (8, 43)
     , (8, 44)
;

INSERT INTO sys_button_api_perm (button_id, api_perm_id)
VALUES (1, 5)
     , (2, 6)
     , (3, 7)
     , (4, 8)
     , (5, 9)
     , (6, 10)
     , (7, 14)
     , (8, 15)
     , (9, 16)
     , (10, 17)
     , (11, 18)
     , (11, 19)
     , (12, 21)
     , (13, 22)
     , (14, 23)
     , (15, 24)
     , (16, 25)
     , (17, 26)
     , (18, 31)
     , (19, 32)
     , (20, 33)
     , (21, 34)
     , (22, 38)
     , (23, 39)
     , (24, 40)
     , (25, 41)
     , (26, 45)
     , (27, 46)
     , (28, 47)
     , (29, 48)
;



-- ==================================================
--  角色权限关联数据
-- ==================================================

INSERT INTO sys_role_menu (role_id, menu_id)
VALUES (1, 1)
     , (3, 1)
     , (1, 2)
     , (3, 2)
     , (1, 3)
     , (3, 3)
     , (1, 4)
     , (3, 4)
     , (1, 5)
     , (2, 5)
     , (3, 5)
     , (1, 6)
     , (2, 6)
     , (3, 6)
     , (1, 7)
     , (2, 7)
     , (3, 7)
     , (1, 8)
     , (2, 8)
     , (3, 8)
     , (2, 9)
     , (3, 9)
     , (2, 10)
     , (3, 10)
     , (2, 11)
     , (3, 11)
     , (2, 12)
     , (3, 12)
     , (2, 13)
     , (3, 13)
     , (2, 14)
     , (3, 14)
     , (2, 15)
     , (3, 15)
;

INSERT INTO sys_role_button (role_id, button_id)
VALUES (1, 1)
     , (1, 2)
     , (1, 3)
     , (1, 4)
     , (1, 5)
     , (1, 6)
     , (1, 7)
     , (1, 8)
     , (1, 9)
     , (1, 10)
     , (1, 12)
     , (1, 13)
     , (1, 18)
     , (2, 18)
     , (1, 19)
     , (2, 19)
     , (1, 20)
     , (2, 20)
     , (1, 21)
     , (2, 21)
     , (1, 22)
     , (2, 22)
     , (1, 23)
     , (2, 23)
     , (1, 24)
     , (2, 24)
     , (1, 25)
     , (2, 25)
     , (1, 26)
     , (2, 26)
     , (1, 27)
     , (2, 27)
     , (1, 28)
     , (2, 28)
     , (1, 29)
     , (2, 29)
;



-- ==================================================
--  馆藏管理数据
-- ==================================================
INSERT INTO lib_author (id, created_time, last_modified_time, country, gender, name, created_by_id, last_modified_by_id)
VALUES (1, '2021-01-15 16:11:28.194', '2021-01-15 16:38:51.557', 840, 1, 'W. Richard Stevens', 1, 1)
     , (2, '2021-01-15 23:04:26.353', '2021-01-16 01:04:09.587', 840, 1, 'David R. Shaffer', 1, 1)
     , (3, '2021-01-15 23:04:38.986', '2021-01-16 01:04:12.131', 840, 2, 'Katherine Kipp', 1, 1)
     , (4, '2021-01-19 22:02:59.362', '2021-01-19 22:02:59.362', 156, 1, '刘未鹏', 1, 1)
     , (5, '2021-01-19 22:04:08.592', '2021-01-19 22:04:08.592', 156, 1, '张荫麟', 1, 1)
;

INSERT INTO lib_publisher (id, created_time, last_modified_time, address, country, name, zip_code, created_by_id, last_modified_by_id)
VALUES (1, '2021-01-15 23:32:09.847', '2021-01-15 23:32:09.847', '北京东长安街6号', 156, '中国轻工业出版社', '100740', 1, 1)
     , (2, '2021-01-15 23:37:32.97', '2021-01-15 23:37:32.97', '北京市崇文区夕照寺街14号', 156, '人民邮电出版社', '100061', 1, 1)
     , (3, '2021-01-19 22:06:11.194', '2021-01-19 22:06:11.194', '长沙市雨花区东二环一段508号', 156, '湖南文艺出版社', '410014', 1, 1)
     , (4, '2021-01-19 22:10:22.36', '2021-01-19 22:10:22.36', '北京市海淀区万寿路173信箱', 156, '电子工业出版社', '100036', 1, 1)
;

INSERT INTO lib_book (id, created_time, last_modified_time, isbn, published_on, title, translaters, unit_price, word_count, created_by_id, last_modified_by_id, publisher_id)
VALUES (1, '2021-01-16 02:42:01.424', '2021-02-19 20:24:41.247', '978-7-115-22259-6', 201004, 'TCP/IP详解 卷1：协议（英文版）', NULL, 7900, 715, 1, 1, 2)
     , (2, '2021-01-16 11:19:09.592', '2021-02-19 20:24:49.134', '978-7-5184-0643-2', 201601, '发展心理学（第九版）', '邹泓 等', 8800, 700, 1, 1, 1)
     , (3, '2021-01-19 22:12:06.961', '2021-02-19 20:27:25.402', '978-7-121-14006-8', 201108, '暗时间', NULL, 3500, 25, 1, 1, 4)
     , (4, '2021-01-19 22:13:25.546', '2021-02-19 20:28:01.177', '978-7-5404-4811-0', 201103, '中国史纲', NULL, 2600, 180, 1, 1, 3)
;

INSERT INTO lib_book_author (book_id, author_id)
VALUES (1, 1)
     , (2, 2)
     , (2, 3)
     , (3, 4)
     , (4, 5)
;

